<TextureAtlas imagePath="Breakout_Tiles_01.png">
	<SubTexture name="001-Breakout-Tiles.png" x="1158" y="910" width="366" height="128"/>
	<SubTexture name="002-Breakout-Tiles.png" x="1894" y="3250" width="366" height="128"/>
	<SubTexture name="003-Breakout-Tiles.png" x="1894" y="3120" width="366" height="128"/>
	<SubTexture name="004-Breakout-Tiles.png" x="1158" y="1040" width="366" height="128"/>
	<SubTexture name="005-Breakout-Tiles.png" x="1158" y="1170" width="366" height="128"/>
	<SubTexture name="006-Breakout-Tiles.png" x="1158" y="1300" width="366" height="128"/>
	<SubTexture name="007-Breakout-Tiles.png" x="1158" y="1430" width="366" height="128"/>
	<SubTexture name="008-Breakout-Tiles.png" x="1158" y="1560" width="366" height="128"/>
	<SubTexture name="009-Breakout-Tiles.png" x="1158" y="1690" width="366" height="128"/>
	<SubTexture name="010-Breakout-Tiles.png" x="1158" y="1820" width="366" height="128"/>
	<SubTexture name="011-Breakout-Tiles.png" x="1158" y="1950" width="366" height="128"/>
	<SubTexture name="012-Breakout-Tiles.png" x="1158" y="2080" width="366" height="128"/>
	<SubTexture name="013-Breakout-Tiles.png" x="1158" y="2210" width="366" height="128"/>
	<SubTexture name="014-Breakout-Tiles.png" x="1158" y="2340" width="366" height="128"/>
	<SubTexture name="015-Breakout-Tiles.png" x="1158" y="2470" width="366" height="128"/>
	<SubTexture name="016-Breakout-Tiles.png" x="1158" y="2600" width="366" height="128"/>
	<SubTexture name="017-Breakout-Tiles.png" x="1158" y="2730" width="366" height="128"/>
	<SubTexture name="018-Breakout-Tiles.png" x="1158" y="2860" width="366" height="128"/>
	<SubTexture name="019-Breakout-Tiles.png" x="1158" y="2990" width="366" height="128"/>
	<SubTexture name="020-Breakout-Tiles.png" x="1158" y="3120" width="366" height="128"/>
	<SubTexture name="021-Breakout-Tiles.png" x="1158" y="3250" width="366" height="128"/>
	<SubTexture name="022-Breakout-Tiles.png" x="1158" y="3380" width="366" height="128"/>
	<SubTexture name="023-Breakout-Tiles.png" x="1158" y="3510" width="366" height="128"/>
	<SubTexture name="024-Breakout-Tiles.png" x="1158" y="3640" width="366" height="128"/>
	<SubTexture name="025-Breakout-Tiles.png" x="1158" y="3770" width="366" height="128"/>
	<SubTexture name="026-Breakout-Tiles.png" x="1158" y="3900" width="366" height="128"/>
	<SubTexture name="027-Breakout-Tiles.png" x="1526" y="910" width="366" height="128"/>
	<SubTexture name="028-Breakout-Tiles.png" x="1526" y="1040" width="366" height="128"/>
	<SubTexture name="029-Breakout-Tiles.png" x="1526" y="1170" width="366" height="128"/>
	<SubTexture name="030-Breakout-Tiles.png" x="1526" y="1300" width="366" height="128"/>
	<SubTexture name="031-Breakout-Tiles.png" x="1526" y="1430" width="366" height="128"/>
	<SubTexture name="032-Breakout-Tiles.png" x="1526" y="1560" width="366" height="128"/>
	<SubTexture name="033-Breakout-Tiles.png" x="1526" y="1690" width="366" height="128"/>
	<SubTexture name="034-Breakout-Tiles.png" x="1526" y="1820" width="366" height="128"/>
	<SubTexture name="035-Breakout-Tiles.png" x="1526" y="1950" width="366" height="128"/>
	<SubTexture name="036-Breakout-Tiles.png" x="1526" y="2080" width="366" height="128"/>
	<SubTexture name="037-Breakout-Tiles.png" x="1526" y="2210" width="366" height="128"/>
	<SubTexture name="038-Breakout-Tiles.png" x="1526" y="2340" width="366" height="128"/>
	<SubTexture name="039-Breakout-Tiles.png" x="1526" y="2470" width="366" height="128"/>
	<SubTexture name="040-Breakout-Tiles.png" x="1526" y="2600" width="366" height="128"/>
	<SubTexture name="041-Breakout-Tiles.png" x="1526" y="2730" width="366" height="128"/>
	<SubTexture name="042-Breakout-Tiles.png" x="1526" y="2860" width="366" height="128"/>
	<SubTexture name="043-Breakout-Tiles.png" x="1526" y="2990" width="366" height="128"/>
	<SubTexture name="044-Breakout-Tiles.png" x="1526" y="3120" width="366" height="128"/>
	<SubTexture name="045-Breakout-Tiles.png" x="1526" y="3250" width="366" height="128"/>
	<SubTexture name="046-Breakout-Tiles.png" x="1526" y="3380" width="366" height="128"/>
	<SubTexture name="047-Breakout-Tiles.png" x="1526" y="3510" width="366" height="128"/>
	<SubTexture name="048-Breakout-Tiles.png" x="1526" y="3640" width="366" height="128"/>
	<SubTexture name="049-Breakout-Tiles.png" x="1526" y="3770" width="366" height="128"/>
	<SubTexture name="050-Breakout-Tiles.png" x="1526" y="3900" width="366" height="128"/>
	<SubTexture name="051-Breakout-Tiles.png" x="1544" y="0" width="366" height="128"/>
	<SubTexture name="052-Breakout-Tiles.png" x="1544" y="130" width="366" height="128"/>
	<SubTexture name="053-Breakout-Tiles.png" x="1544" y="260" width="366" height="128"/>
	<SubTexture name="054-Breakout-Tiles.png" x="1544" y="390" width="366" height="128"/>
	<SubTexture name="055-Breakout-Tiles.png" x="1544" y="520" width="366" height="128"/>
	<SubTexture name="056-Breakout-Tiles.png" x="1544" y="650" width="366" height="128"/>
	<SubTexture name="057-Breakout-Tiles.png" x="1544" y="780" width="366" height="128"/>
	<SubTexture name="058-Breakout-Tiles.png" x="2262" y="3900" width="366" height="128"/>
	<SubTexture name="059-Breakout-Tiles.png" x="1894" y="1040" width="366" height="128"/>
	<SubTexture name="060-Breakout-Tiles.png" x="1894" y="1170" width="366" height="128"/>
	<SubTexture name="061-Breakout-Tiles.png" x="1894" y="1300" width="366" height="128"/>
	<SubTexture name="062-Breakout-Tiles.png" x="1894" y="1430" width="366" height="128"/>
	<SubTexture name="063-Breakout-Tiles.png" x="1894" y="1560" width="366" height="128"/>
	<SubTexture name="064-Breakout-Tiles.png" x="1894" y="1690" width="366" height="128"/>
	<SubTexture name="065-Breakout-Tiles.png" x="1894" y="1820" width="366" height="128"/>
	<SubTexture name="066-Breakout-Tiles.png" x="1894" y="1950" width="366" height="128"/>
	<SubTexture name="067-Breakout-Tiles.png" x="1894" y="2080" width="366" height="128"/>
	<SubTexture name="068-Breakout-Tiles.png" x="1894" y="2210" width="366" height="128"/>
	<SubTexture name="069-Breakout-Tiles.png" x="1894" y="2340" width="366" height="128"/>
	<SubTexture name="070-Breakout-Tiles.png" x="1894" y="2470" width="366" height="128"/>
	<SubTexture name="071-Breakout-Tiles.png" x="1894" y="2600" width="366" height="128"/>
	<SubTexture name="072-Breakout-Tiles.png" x="1894" y="2730" width="366" height="128"/>
	<SubTexture name="073-Breakout-Tiles.png" x="1894" y="2860" width="366" height="128"/>
	<SubTexture name="074-Breakout-Tiles.png" x="1894" y="2990" width="366" height="128"/>
	<SubTexture name="075-Breakout-Tiles.png" x="1894" y="3380" width="366" height="128"/>
	<SubTexture name="076-Breakout-Tiles.png" x="1894" y="3510" width="366" height="128"/>
	<SubTexture name="077-Breakout-Tiles.png" x="1894" y="3640" width="366" height="128"/>
	<SubTexture name="078-Breakout-Tiles.png" x="1894" y="3770" width="366" height="128"/>
	<SubTexture name="079-Breakout-Tiles.png" x="1894" y="3900" width="366" height="128"/>
	<SubTexture name="080-Breakout-Tiles.png" x="1912" y="0" width="366" height="128"/>
	<SubTexture name="081-Breakout-Tiles.png" x="1912" y="130" width="366" height="128"/>
	<SubTexture name="082-Breakout-Tiles.png" x="1912" y="260" width="366" height="128"/>
	<SubTexture name="083-Breakout-Tiles.png" x="1912" y="390" width="366" height="128"/>
	<SubTexture name="084-Breakout-Tiles.png" x="1912" y="520" width="366" height="128"/>
	<SubTexture name="085-Breakout-Tiles.png" x="1912" y="650" width="366" height="128"/>
	<SubTexture name="086-Breakout-Tiles.png" x="1912" y="780" width="366" height="128"/>
	<SubTexture name="087-Breakout-Tiles.png" x="2262" y="910" width="366" height="128"/>
	<SubTexture name="088-Breakout-Tiles.png" x="2262" y="1040" width="366" height="128"/>
	<SubTexture name="089-Breakout-Tiles.png" x="2262" y="1170" width="366" height="128"/>
	<SubTexture name="090-Breakout-Tiles.png" x="2262" y="1300" width="366" height="128"/>
	<SubTexture name="091-Breakout-Tiles.png" x="2262" y="1430" width="366" height="128"/>
	<SubTexture name="092-Breakout-Tiles.png" x="2262" y="1560" width="366" height="128"/>
	<SubTexture name="093-Breakout-Tiles.png" x="2262" y="1690" width="366" height="128"/>
	<SubTexture name="094-Breakout-Tiles.png" x="2262" y="1820" width="366" height="128"/>
	<SubTexture name="095-Breakout-Tiles.png" x="2262" y="1950" width="366" height="128"/>
	<SubTexture name="096-Breakout-Tiles.png" x="2262" y="2080" width="366" height="128"/>
	<SubTexture name="097-Breakout-Tiles.png" x="2262" y="2210" width="366" height="128"/>
	<SubTexture name="098-Breakout-Tiles.png" x="2262" y="2340" width="366" height="128"/>
	<SubTexture name="099-Breakout-Tiles.png" x="2262" y="2470" width="366" height="128"/>
	<SubTexture name="100-Breakout-Tiles.png" x="2262" y="2600" width="366" height="128"/>
	<SubTexture name="101-Breakout-Tiles.png" x="2262" y="2730" width="366" height="128"/>
	<SubTexture name="102-Breakout-Tiles.png" x="2262" y="2860" width="366" height="128"/>
	<SubTexture name="103-Breakout-Tiles.png" x="2262" y="2990" width="366" height="128"/>
	<SubTexture name="104-Breakout-Tiles.png" x="2262" y="3120" width="366" height="128"/>
	<SubTexture name="105-Breakout-Tiles.png" x="2262" y="3250" width="366" height="128"/>
	<SubTexture name="106-Breakout-Tiles.png" x="2262" y="3380" width="366" height="128"/>
	<SubTexture name="107-Breakout-Tiles.png" x="2262" y="3510" width="366" height="128"/>
	<SubTexture name="108-Breakout-Tiles.png" x="2262" y="3640" width="366" height="128"/>
	<SubTexture name="109-Breakout-Tiles.png" x="2262" y="3770" width="366" height="128"/>
	<SubTexture name="110-Breakout-Tiles.png" x="1894" y="910" width="366" height="128"/>
	<SubTexture name="111-Breakout-Tiles.png" x="0" y="260" width="384" height="128"/>
	<SubTexture name="112-Breakout-Tiles.png" x="0" y="390" width="384" height="128"/>
	<SubTexture name="113-Breakout-Tiles.png" x="0" y="520" width="384" height="128"/>
	<SubTexture name="114-Breakout-Tiles.png" x="0" y="650" width="384" height="128"/>
	<SubTexture name="115-Breakout-Tiles.png" x="0" y="780" width="384" height="128"/>
	<SubTexture name="116-Breakout-Tiles.png" x="0" y="910" width="384" height="128"/>
	<SubTexture name="117-Breakout-Tiles.png" x="0" y="1040" width="384" height="128"/>
	<SubTexture name="118-Breakout-Tiles.png" x="0" y="1170" width="384" height="128"/>
	<SubTexture name="119-Breakout-Tiles.png" x="0" y="1300" width="384" height="128"/>
	<SubTexture name="120-Breakout-Tiles.png" x="0" y="1430" width="384" height="128"/>
	<SubTexture name="121-Breakout-Tiles.png" x="0" y="1560" width="384" height="128"/>
	<SubTexture name="122-Breakout-Tiles.png" x="0" y="1690" width="384" height="128"/>
	<SubTexture name="123-Breakout-Tiles.png" x="0" y="1820" width="384" height="128"/>
	<SubTexture name="124-Breakout-Tiles.png" x="0" y="1950" width="384" height="128"/>
	<SubTexture name="125-Breakout-Tiles.png" x="0" y="2080" width="384" height="128"/>
	<SubTexture name="126-Breakout-Tiles.png" x="0" y="2210" width="384" height="128"/>
	<SubTexture name="127-Breakout-Tiles.png" x="0" y="2340" width="384" height="128"/>
	<SubTexture name="128-Breakout-Tiles.png" x="0" y="2470" width="384" height="128"/>
	<SubTexture name="129-Breakout-Tiles.png" x="0" y="2600" width="384" height="128"/>
	<SubTexture name="130-Breakout-Tiles.png" x="0" y="2730" width="384" height="128"/>
	<SubTexture name="131-Breakout-Tiles.png" x="0" y="2860" width="384" height="128"/>
	<SubTexture name="132-Breakout-Tiles.png" x="0" y="2990" width="384" height="128"/>
	<SubTexture name="133-Breakout-Tiles.png" x="0" y="3120" width="384" height="128"/>
	<SubTexture name="134-Breakout-Tiles.png" x="0" y="3250" width="384" height="128"/>
	<SubTexture name="135-Breakout-Tiles.png" x="0" y="3380" width="384" height="128"/>
	<SubTexture name="136-Breakout-Tiles.png" x="0" y="3510" width="384" height="128"/>
	<SubTexture name="137-Breakout-Tiles.png" x="0" y="3640" width="384" height="128"/>
	<SubTexture name="138-Breakout-Tiles.png" x="0" y="3770" width="384" height="128"/>
	<SubTexture name="139-Breakout-Tiles.png" x="0" y="3900" width="384" height="128"/>
	<SubTexture name="140-Breakout-Tiles.png" x="386" y="0" width="384" height="128"/>
	<SubTexture name="141-Breakout-Tiles.png" x="386" y="130" width="384" height="128"/>
	<SubTexture name="142-Breakout-Tiles.png" x="386" y="260" width="384" height="128"/>
	<SubTexture name="143-Breakout-Tiles.png" x="386" y="390" width="384" height="128"/>
	<SubTexture name="144-Breakout-Tiles.png" x="386" y="520" width="384" height="128"/>
	<SubTexture name="145-Breakout-Tiles.png" x="386" y="650" width="384" height="128"/>
	<SubTexture name="146-Breakout-Tiles.png" x="386" y="780" width="384" height="128"/>
	<SubTexture name="147-Breakout-Tiles.png" x="386" y="910" width="384" height="128"/>
	<SubTexture name="148-Breakout-Tiles.png" x="386" y="1040" width="384" height="128"/>
	<SubTexture name="149-Breakout-Tiles.png" x="386" y="1170" width="384" height="128"/>
	<SubTexture name="150-Breakout-Tiles.png" x="386" y="1300" width="384" height="128"/>
	<SubTexture name="151-Breakout-Tiles.png" x="386" y="1430" width="384" height="128"/>
	<SubTexture name="152-Breakout-Tiles.png" x="386" y="1560" width="384" height="128"/>
	<SubTexture name="153-Breakout-Tiles.png" x="386" y="1690" width="384" height="128"/>
	<SubTexture name="154-Breakout-Tiles.png" x="386" y="1820" width="384" height="128"/>
	<SubTexture name="155-Breakout-Tiles.png" x="386" y="1950" width="384" height="128"/>
	<SubTexture name="156-Breakout-Tiles.png" x="386" y="2080" width="384" height="128"/>
	<SubTexture name="157-Breakout-Tiles.png" x="386" y="2210" width="384" height="128"/>
	<SubTexture name="158-Breakout-Tiles.png" x="386" y="2340" width="384" height="128"/>
	<SubTexture name="159-Breakout-Tiles.png" x="1158" y="780" width="384" height="128"/>
	<SubTexture name="160-Breakout-Tiles.png" x="386" y="2600" width="384" height="128"/>
	<SubTexture name="161-Breakout-Tiles.png" x="386" y="2730" width="384" height="128"/>
	<SubTexture name="162-Breakout-Tiles.png" x="386" y="2860" width="384" height="128"/>
	<SubTexture name="163-Breakout-Tiles.png" x="386" y="2990" width="384" height="128"/>
	<SubTexture name="164-Breakout-Tiles.png" x="386" y="3120" width="384" height="128"/>
	<SubTexture name="165-Breakout-Tiles.png" x="386" y="3250" width="384" height="128"/>
	<SubTexture name="166-Breakout-Tiles.png" x="386" y="3380" width="384" height="128"/>
	<SubTexture name="167-Breakout-Tiles.png" x="386" y="3510" width="384" height="128"/>
	<SubTexture name="168-Breakout-Tiles.png" x="386" y="3640" width="384" height="128"/>
	<SubTexture name="169-Breakout-Tiles.png" x="386" y="3770" width="384" height="128"/>
	<SubTexture name="170-Breakout-Tiles.png" x="386" y="3900" width="384" height="128"/>
	<SubTexture name="171-Breakout-Tiles.png" x="772" y="0" width="384" height="128"/>
	<SubTexture name="172-Breakout-Tiles.png" x="772" y="130" width="384" height="128"/>
	<SubTexture name="173-Breakout-Tiles.png" x="0" y="130" width="384" height="128"/>
	<SubTexture name="174-Breakout-Tiles.png" x="0" y="0" width="384" height="128"/>
	<SubTexture name="175-Breakout-Tiles.png" x="772" y="260" width="384" height="128"/>
	<SubTexture name="176-Breakout-Tiles.png" x="772" y="390" width="384" height="128"/>
	<SubTexture name="177-Breakout-Tiles.png" x="772" y="520" width="384" height="128"/>
	<SubTexture name="178-Breakout-Tiles.png" x="772" y="650" width="384" height="128"/>
	<SubTexture name="179-Breakout-Tiles.png" x="772" y="780" width="384" height="128"/>
	<SubTexture name="180-Breakout-Tiles.png" x="772" y="910" width="384" height="128"/>
	<SubTexture name="181-Breakout-Tiles.png" x="772" y="1040" width="384" height="128"/>
	<SubTexture name="182-Breakout-Tiles.png" x="772" y="1170" width="384" height="128"/>
	<SubTexture name="183-Breakout-Tiles.png" x="772" y="1300" width="384" height="128"/>
	<SubTexture name="184-Breakout-Tiles.png" x="772" y="1430" width="384" height="128"/>
	<SubTexture name="185-Breakout-Tiles.png" x="772" y="1560" width="384" height="128"/>
	<SubTexture name="186-Breakout-Tiles.png" x="772" y="1690" width="384" height="128"/>
	<SubTexture name="187-Breakout-Tiles.png" x="772" y="1820" width="384" height="128"/>
	<SubTexture name="188-Breakout-Tiles.png" x="772" y="1950" width="384" height="128"/>
	<SubTexture name="189-Breakout-Tiles.png" x="772" y="2080" width="384" height="128"/>
	<SubTexture name="190-Breakout-Tiles.png" x="772" y="2210" width="384" height="128"/>
	<SubTexture name="191-Breakout-Tiles.png" x="772" y="2340" width="384" height="128"/>
	<SubTexture name="192-Breakout-Tiles.png" x="772" y="2470" width="384" height="128"/>
	<SubTexture name="193-Breakout-Tiles.png" x="772" y="2600" width="384" height="128"/>
	<SubTexture name="194-Breakout-Tiles.png" x="772" y="2730" width="384" height="128"/>
	<SubTexture name="195-Breakout-Tiles.png" x="772" y="2860" width="384" height="128"/>
	<SubTexture name="196-Breakout-Tiles.png" x="772" y="2990" width="384" height="128"/>
	<SubTexture name="197-Breakout-Tiles.png" x="772" y="3120" width="384" height="128"/>
	<SubTexture name="198-Breakout-Tiles.png" x="772" y="3250" width="384" height="128"/>
	<SubTexture name="199-Breakout-Tiles.png" x="772" y="3380" width="384" height="128"/>
	<SubTexture name="200-Breakout-Tiles.png" x="772" y="3510" width="384" height="128"/>
	<SubTexture name="201-Breakout-Tiles.png" x="772" y="3640" width="384" height="128"/>
	<SubTexture name="202-Breakout-Tiles.png" x="772" y="3770" width="384" height="128"/>
	<SubTexture name="203-Breakout-Tiles.png" x="772" y="3900" width="384" height="128"/>
	<SubTexture name="204-Breakout-Tiles.png" x="1158" y="0" width="384" height="128"/>
	<SubTexture name="205-Breakout-Tiles.png" x="1158" y="130" width="384" height="128"/>
	<SubTexture name="206-Breakout-Tiles.png" x="1158" y="260" width="384" height="128"/>
	<SubTexture name="207-Breakout-Tiles.png" x="1158" y="390" width="384" height="128"/>
	<SubTexture name="208-Breakout-Tiles.png" x="1158" y="520" width="384" height="128"/>
	<SubTexture name="209-Breakout-Tiles.png" x="1158" y="650" width="384" height="128"/>
	<SubTexture name="210-Breakout-Tiles.png" x="386" y="2470" width="384" height="128"/>
	<SubTexture name="211-Breakout-Tiles.png" x="2875" y="3528" width="128" height="128"/>
	<SubTexture name="212-Breakout-Tiles.png" x="2875" y="3398" width="128" height="128"/>
	<SubTexture name="213-Breakout-Tiles.png" x="2875" y="3268" width="128" height="128"/>
	<SubTexture name="214-Breakout-Tiles.png" x="2875" y="3138" width="128" height="128"/>
	<SubTexture name="215-Breakout-Tiles.png" x="2875" y="1188" width="128" height="128"/>
	<SubTexture name="216-Breakout-Tiles.png" x="2875" y="1318" width="128" height="128"/>
	<SubTexture name="217-Breakout-Tiles.png" x="2875" y="1448" width="128" height="128"/>
	<SubTexture name="218-Breakout-Tiles.png" x="2875" y="1578" width="128" height="128"/>
	<SubTexture name="219-Breakout-Tiles.png" x="2875" y="1708" width="128" height="128"/>
	<SubTexture name="220-Breakout-Tiles.png" x="2875" y="1838" width="128" height="128"/>
	<SubTexture name="221-Breakout-Tiles.png" x="2875" y="1968" width="128" height="128"/>
	<SubTexture name="222-Breakout-Tiles.png" x="2875" y="2098" width="128" height="128"/>
	<SubTexture name="223-Breakout-Tiles.png" x="2875" y="2228" width="128" height="128"/>
	<SubTexture name="224-Breakout-Tiles.png" x="2875" y="2358" width="128" height="128"/>
	<SubTexture name="225-Breakout-Tiles.png" x="2875" y="2488" width="128" height="128"/>
	<SubTexture name="226-Breakout-Tiles.png" x="2875" y="2618" width="128" height="128"/>
	<SubTexture name="227-Breakout-Tiles.png" x="2875" y="2748" width="128" height="128"/>
	<SubTexture name="228-Breakout-Tiles.png" x="2875" y="2878" width="128" height="128"/>
	<SubTexture name="229-Breakout-Tiles.png" x="2875" y="3008" width="128" height="128"/>
	<SubTexture name="230-Breakout-Tiles.png" x="2875" y="3658" width="128" height="128"/>
	<SubTexture name="231-Breakout-Tiles.png" x="2630" y="2376" width="243" height="64"/>
	<SubTexture name="232-Breakout-Tiles.png" x="2829" y="4026" width="243" height="64"/>
	<SubTexture name="233-Breakout-Tiles.png" x="2770" y="792" width="243" height="64"/>
	<SubTexture name="234-Breakout-Tiles.png" x="2630" y="3432" width="243" height="64"/>
	<SubTexture name="235-Breakout-Tiles.png" x="2630" y="3366" width="243" height="64"/>
	<SubTexture name="236-Breakout-Tiles.png" x="2525" y="198" width="243" height="64"/>
	<SubTexture name="237-Breakout-Tiles.png" x="2525" y="132" width="243" height="64"/>
	<SubTexture name="238-Breakout-Tiles.png" x="2525" y="66" width="243" height="64"/>
	<SubTexture name="239-Breakout-Tiles.png" x="2525" y="0" width="243" height="64"/>
	<SubTexture name="240-Breakout-Tiles.png" x="2280" y="792" width="243" height="64"/>
	<SubTexture name="241-Breakout-Tiles.png" x="2280" y="726" width="243" height="64"/>
	<SubTexture name="242-Breakout-Tiles.png" x="2280" y="660" width="243" height="64"/>
	<SubTexture name="243-Breakout-Tiles.png" x="2280" y="594" width="243" height="64"/>
	<SubTexture name="244-Breakout-Tiles.png" x="2280" y="528" width="243" height="64"/>
	<SubTexture name="245-Breakout-Tiles.png" x="2280" y="462" width="243" height="64"/>
	<SubTexture name="246-Breakout-Tiles.png" x="2280" y="198" width="243" height="64"/>
	<SubTexture name="247-Breakout-Tiles.png" x="2875" y="858" width="243" height="64"/>
	<SubTexture name="248-Breakout-Tiles.png" x="2770" y="594" width="243" height="64"/>
	<SubTexture name="249-Breakout-Tiles.png" x="2875" y="924" width="243" height="64"/>
	<SubTexture name="250-Breakout-Tiles.png" x="2770" y="726" width="243" height="64"/>
	<SubTexture name="251-Breakout-Tiles.png" x="2770" y="660" width="243" height="64"/>
	<SubTexture name="252-Breakout-Tiles.png" x="2770" y="528" width="243" height="64"/>
	<SubTexture name="253-Breakout-Tiles.png" x="2770" y="66" width="243" height="64"/>
	<SubTexture name="254-Breakout-Tiles.png" x="2770" y="462" width="243" height="64"/>
	<SubTexture name="255-Breakout-Tiles.png" x="2770" y="396" width="243" height="64"/>
	<SubTexture name="256-Breakout-Tiles.png" x="2770" y="330" width="243" height="64"/>
	<SubTexture name="257-Breakout-Tiles.png" x="2770" y="264" width="243" height="64"/>
	<SubTexture name="258-Breakout-Tiles.png" x="2770" y="198" width="243" height="64"/>
	<SubTexture name="259-Breakout-Tiles.png" x="2770" y="132" width="243" height="64"/>
	<SubTexture name="260-Breakout-Tiles.png" x="2630" y="3960" width="243" height="64"/>
	<SubTexture name="261-Breakout-Tiles.png" x="2770" y="0" width="243" height="64"/>
	<SubTexture name="262-Breakout-Tiles.png" x="2630" y="2970" width="243" height="64"/>
	<SubTexture name="263-Breakout-Tiles.png" x="2630" y="3894" width="243" height="64"/>
	<SubTexture name="264-Breakout-Tiles.png" x="2630" y="3828" width="243" height="64"/>
	<SubTexture name="265-Breakout-Tiles.png" x="2630" y="3762" width="243" height="64"/>
	<SubTexture name="266-Breakout-Tiles.png" x="2630" y="3696" width="243" height="64"/>
	<SubTexture name="267-Breakout-Tiles.png" x="2630" y="3630" width="243" height="64"/>
	<SubTexture name="268-Breakout-Tiles.png" x="2630" y="3564" width="243" height="64"/>
	<SubTexture name="269-Breakout-Tiles.png" x="2630" y="3498" width="243" height="64"/>
	<SubTexture name="270-Breakout-Tiles.png" x="2280" y="396" width="243" height="64"/>
	<SubTexture name="271-Breakout-Tiles.png" x="2280" y="330" width="243" height="64"/>
	<SubTexture name="272-Breakout-Tiles.png" x="2630" y="3300" width="243" height="64"/>
	<SubTexture name="273-Breakout-Tiles.png" x="2630" y="3234" width="243" height="64"/>
	<SubTexture name="274-Breakout-Tiles.png" x="2630" y="3168" width="243" height="64"/>
	<SubTexture name="275-Breakout-Tiles.png" x="2630" y="3102" width="243" height="64"/>
	<SubTexture name="276-Breakout-Tiles.png" x="2630" y="3036" width="243" height="64"/>
	<SubTexture name="277-Breakout-Tiles.png" x="2280" y="264" width="243" height="64"/>
	<SubTexture name="278-Breakout-Tiles.png" x="2630" y="2904" width="243" height="64"/>
	<SubTexture name="279-Breakout-Tiles.png" x="2630" y="2838" width="243" height="64"/>
	<SubTexture name="280-Breakout-Tiles.png" x="2630" y="2772" width="243" height="64"/>
	<SubTexture name="281-Breakout-Tiles.png" x="2630" y="2706" width="243" height="64"/>
	<SubTexture name="282-Breakout-Tiles.png" x="2630" y="2640" width="243" height="64"/>
	<SubTexture name="283-Breakout-Tiles.png" x="2630" y="2574" width="243" height="64"/>
	<SubTexture name="284-Breakout-Tiles.png" x="2630" y="2508" width="243" height="64"/>
	<SubTexture name="285-Breakout-Tiles.png" x="2630" y="2442" width="243" height="64"/>
	<SubTexture name="286-Breakout-Tiles.png" x="2525" y="264" width="243" height="64"/>
	<SubTexture name="287-Breakout-Tiles.png" x="2630" y="2310" width="243" height="64"/>
	<SubTexture name="288-Breakout-Tiles.png" x="2630" y="2244" width="243" height="64"/>
	<SubTexture name="289-Breakout-Tiles.png" x="2630" y="2178" width="243" height="64"/>
	<SubTexture name="290-Breakout-Tiles.png" x="2630" y="2112" width="243" height="64"/>
	<SubTexture name="291-Breakout-Tiles.png" x="2630" y="2046" width="243" height="64"/>
	<SubTexture name="292-Breakout-Tiles.png" x="2630" y="1980" width="243" height="64"/>
	<SubTexture name="293-Breakout-Tiles.png" x="2630" y="1914" width="243" height="64"/>
	<SubTexture name="294-Breakout-Tiles.png" x="2630" y="1848" width="243" height="64"/>
	<SubTexture name="295-Breakout-Tiles.png" x="2630" y="1782" width="243" height="64"/>
	<SubTexture name="296-Breakout-Tiles.png" x="2630" y="1716" width="243" height="64"/>
	<SubTexture name="297-Breakout-Tiles.png" x="2630" y="1650" width="243" height="64"/>
	<SubTexture name="298-Breakout-Tiles.png" x="2630" y="1584" width="243" height="64"/>
	<SubTexture name="299-Breakout-Tiles.png" x="2630" y="1518" width="243" height="64"/>
	<SubTexture name="300-Breakout-Tiles.png" x="2630" y="1452" width="243" height="64"/>
	<SubTexture name="301-Breakout-Tiles.png" x="2630" y="1386" width="243" height="64"/>
	<SubTexture name="302-Breakout-Tiles.png" x="2630" y="1320" width="243" height="64"/>
	<SubTexture name="303-Breakout-Tiles.png" x="2630" y="1254" width="243" height="64"/>
	<SubTexture name="304-Breakout-Tiles.png" x="2630" y="1188" width="243" height="64"/>
	<SubTexture name="305-Breakout-Tiles.png" x="2630" y="1122" width="243" height="64"/>
	<SubTexture name="306-Breakout-Tiles.png" x="2630" y="1056" width="243" height="64"/>
	<SubTexture name="307-Breakout-Tiles.png" x="2630" y="990" width="243" height="64"/>
	<SubTexture name="308-Breakout-Tiles.png" x="2630" y="924" width="243" height="64"/>
	<SubTexture name="309-Breakout-Tiles.png" x="2630" y="858" width="243" height="64"/>
	<SubTexture name="310-Breakout-Tiles.png" x="2525" y="792" width="243" height="64"/>
	<SubTexture name="311-Breakout-Tiles.png" x="2525" y="726" width="243" height="64"/>
	<SubTexture name="312-Breakout-Tiles.png" x="2525" y="660" width="243" height="64"/>
	<SubTexture name="313-Breakout-Tiles.png" x="2525" y="594" width="243" height="64"/>
	<SubTexture name="314-Breakout-Tiles.png" x="2525" y="528" width="243" height="64"/>
	<SubTexture name="315-Breakout-Tiles.png" x="2525" y="462" width="243" height="64"/>
	<SubTexture name="316-Breakout-Tiles.png" x="2525" y="396" width="243" height="64"/>
	<SubTexture name="317-Breakout-Tiles.png" x="2525" y="330" width="243" height="64"/>
	<SubTexture name="318-Breakout-Tiles.png" x="2875" y="990" width="202" height="64"/>
	<SubTexture name="319-Breakout-Tiles.png" x="2875" y="1056" width="166" height="64"/>
	<SubTexture name="320-Breakout-Tiles.png" x="2875" y="1122" width="130" height="64"/>
	<SubTexture name="321-Breakout-Tiles.png" x="2875" y="3920" width="94" height="64"/>
	<SubTexture name="322-Breakout-Tiles.png" x="2094" y="4030" width="243" height="64"/>
	<SubTexture name="323-Breakout-Tiles.png" x="2339" y="4030" width="243" height="64"/>
	<SubTexture name="324-Breakout-Tiles.png" x="2280" y="66" width="243" height="64"/>
	<SubTexture name="325-Breakout-Tiles.png" x="2280" y="132" width="243" height="64"/>
	<SubTexture name="326-Breakout-Tiles.png" x="2280" y="0" width="243" height="64"/>
	<SubTexture name="327-Breakout-Tiles.png" x="2584" y="4030" width="243" height="64"/>
	<SubTexture name="328-Breakout-Tiles.png" x="1745" y="4030" width="347" height="64"/>
	<SubTexture name="329-Breakout-Tiles.png" x="1047" y="4030" width="347" height="64"/>
	<SubTexture name="330-Breakout-Tiles.png" x="1396" y="4030" width="347" height="64"/>
	<SubTexture name="331-Breakout-Tiles.png" x="0" y="4030" width="347" height="64"/>
	<SubTexture name="332-Breakout-Tiles.png" x="698" y="4030" width="347" height="64"/>
	<SubTexture name="333-Breakout-Tiles.png" x="349" y="4030" width="347" height="64"/>
	<SubTexture name="334-Breakout-Tiles.png" x="2875" y="3788" width="115" height="64"/>
	<SubTexture name="335-Breakout-Tiles.png" x="2875" y="3854" width="115" height="64"/>
	<SubTexture name="336-Breakout-Tiles.png" x="3005" y="1252" width="64" height="64"/>
	<SubTexture name="337-Breakout-Tiles.png" x="3043" y="1056" width="64" height="64"/>
	<SubTexture name="338-Breakout-Tiles.png" x="3007" y="1122" width="64" height="64"/>
	<SubTexture name="339-Breakout-Tiles.png" x="3005" y="1318" width="64" height="64"/>
	<SubTexture name="340-Breakout-Tiles.png" x="3005" y="1384" width="64" height="64"/>
	<SubTexture name="341-Breakout-Tiles.png" x="2992" y="3788" width="64" height="64"/>
	<SubTexture name="342-Breakout-Tiles.png" x="2992" y="3854" width="64" height="61"/>
	<SubTexture name="343-Breakout-Tiles.png" x="2971" y="3920" width="64" height="58"/>
	<SubTexture name="344-Breakout-Tiles.png" x="3005" y="1188" width="64" height="62"/>
	<SubTexture name="345-Breakout-Tiles.png" x="3005" y="1450" width="64" height="59"/>
	<SubTexture name="346-Breakout-Tiles.png" x="2280" y="858" width="10" height="21"/>
</TextureAtlas>